{
    "condition": "minecraft:any_of",
    "terms": [
        {
            "condition": "minecraft:entity_properties",
            "entity": "this",
            "predicate": {
                "nbt": "{Tags:[\"pk.waystones.manager\"]}"
            }
        },
        {
            "condition": "minecraft:value_check",
            "value": {
                "type": "minecraft:score",
                "target": "this",
                "score": "pk.player.id"
            },
            "range": {
                "min": {
                    "type": "minecraft:score",
                    "target": {
                        "type": "minecraft:fixed",
                        "name": "$owner.id"
                    },
                    "score": "pk.temp"
                },
                "max": {
                    "type": "minecraft:score",
                    "target": {
                        "type": "minecraft:fixed",
                        "name": "$owner.id"
                    },
                    "score": "pk.temp"
                }
            }
        }
    ]
}
